file,language,index,word,start,end,duration_s
doreco_port1286_2017_06_30_Jaklin.wav,es,1,socíne,0.051,5.172,5.1209999999999996
doreco_port1286_2017_06_30_Jaklin.wav,es,2,a,5.372,5.432,0.0600000000000005
doreco_port1286_2017_06_30_Jaklin.wav,es,3,tu,5.812,6.152,0.33999999999999986
doreco_port1286_2017_06_30_Jaklin.wav,es,4,connapia,7.192,8.112,0.9199999999999999
doreco_port1286_2017_06_30_Jaklin.wav,es,5,no,9.333,9.613,0.27999999999999936
doreco_port1286_2017_06_30_Jaklin.wav,es,6,no,9.693,9.913,0.22000000000000064
doreco_port1286_2017_06_30_Jaklin.wav,es,7,no,10.153,10.413,0.2599999999999998
doreco_port1286_2017_06_30_Jaklin.wav,es,8,no,10.613,10.793,0.17999999999999972
doreco_port1286_2017_06_30_Jaklin.wav,es,9,no,10.873,11.073,0.20000000000000107
doreco_port1286_2017_06_30_Jaklin.wav,es,10,no,11.093,11.413,0.3200000000000003
doreco_port1286_2017_06_30_Jaklin.wav,es,11,no,12.033,12.533,0.5
doreco_port1286_2017_06_30_Jaklin.wav,es,12,no,12.713,13.173,0.46000000000000085
doreco_port1286_2017_06_30_Jaklin.wav,es,13,no,15.614,15.894,0.27999999999999936
doreco_port1286_2017_06_30_Jaklin.wav,es,14,no,16.514,16.794,0.28000000000000114
doreco_port1286_2017_06_30_Jaklin.wav,es,15,no,16.834,16.954,0.120000000000001
doreco_port1286_2017_06_30_Jaklin.wav,es,16,no,17.034,17.094,0.060000000000002274
doreco_port1286_2017_06_30_Jaklin.wav,es,17,no,17.174,17.474,0.3000000000000007
doreco_port1286_2017_06_30_Jaklin.wav,es,18,no,17.634,17.874,0.23999999999999844
doreco_port1286_2017_06_30_Jaklin.wav,es,19,no,18.414,18.574,0.16000000000000014
doreco_port1286_2017_06_30_Jaklin.wav,es,20,no,18.814,18.994,0.17999999999999972
doreco_port1286_2017_06_30_Jaklin.wav,es,21,no,19.374,19.694,0.3200000000000003
doreco_port1286_2017_06_30_Jaklin.wav,es,22,no,20.214,20.554,0.33999999999999986
doreco_port1286_2017_06_30_Jaklin.wav,es,23,no,20.594,20.694,0.09999999999999787
doreco_port1286_2017_06_30_Jaklin.wav,es,24,no,20.795,20.935,0.13999999999999702
doreco_port1286_2017_06_30_Jaklin.wav,es,25,no,20.955,21.095,0.14000000000000057
doreco_port1286_2017_06_30_Jaklin.wav,es,26,no,21.215,21.495,0.28000000000000114
doreco_port1286_2017_06_30_Jaklin.wav,es,27,no,21.575,21.875,0.3000000000000007
doreco_port1286_2017_06_30_Jaklin.wav,es,28,no,22.315,22.515,0.1999999999999993
doreco_port1286_2017_06_30_Jaklin.wav,es,29,no,23.355,23.515,0.16000000000000014
doreco_port1286_2017_06_30_Jaklin.wav,es,30,no,23.535,23.655,0.120000000000001
doreco_port1286_2017_06_30_Jaklin.wav,es,31,no,23.675,23.815,0.14000000000000057
doreco_port1286_2017_06_30_Jaklin.wav,es,32,no,23.855,24.135,0.28000000000000114
doreco_port1286_2017_06_30_Jaklin.wav,es,33,no,24.735,25.235,0.5
doreco_port1286_2017_06_30_Jaklin.wav,es,34,no,25.275,25.375,0.10000000000000142
doreco_port1286_2017_06_30_Jaklin.wav,es,35,no,25.415,25.595,0.17999999999999972
doreco_port1286_2017_06_30_Jaklin.wav,es,36,no,25.635,25.735,0.09999999999999787
doreco_port1286_2017_06_30_Jaklin.wav,es,37,no,25.815,25.995,0.17999999999999972
doreco_port1286_2017_06_30_Jaklin.wav,es,38,no,26.075,26.215,0.14000000000000057
doreco_port1286_2017_06_30_Jaklin.wav,es,39,no,26.255,26.415,0.16000000000000014
doreco_port1286_2017_06_30_Jaklin.wav,es,40,no,26.455,26.535,0.08000000000000185
doreco_port1286_2017_06_30_Jaklin.wav,es,41,ni,29.866,29.906,0.03999999999999915
doreco_port1286_2017_06_30_Jaklin.wav,es,42,ni,29.926,29.966,0.0400000000000027
doreco_port1286_2017_06_30_Jaklin.wav,es,43,senuawa,29.986,30.166,0.17999999999999972
doreco_port1286_2017_06_30_Jaklin.wav,es,44,ni,30.186,30.226,0.03999999999999915
doreco_port1286_2017_06_30_Jaklin.wav,es,45,ni,30.246,30.286,0.0400000000000027
doreco_port1286_2017_06_30_Jaklin.wav,es,46,ni,30.306,30.346,0.03999999999999915
doreco_port1286_2017_06_30_Jaklin.wav,es,47,ni,30.366,30.406,0.03999999999999915
doreco_port1286_2017_06_30_Jaklin.wav,es,48,ni,30.426,30.466,0.0400000000000027
doreco_port1286_2017_06_30_Jaklin.wav,es,49,ni,30.486,30.526,0.03999999999999915
doreco_port1286_2017_06_30_Jaklin.wav,es,50,ni,30.546,30.586,0.03999999999999915
doreco_port1286_2017_06_30_Jaklin.wav,es,51,ni,30.606,30.646,0.03999999999999915
doreco_port1286_2017_06_30_Jaklin.wav,es,52,ni,30.666,30.706,0.03999999999999915
doreco_port1286_2017_06_30_Jaklin.wav,es,53,ni,30.726,30.767,0.04100000000000037
doreco_port1286_2017_06_30_Jaklin.wav,es,54,ni,30.787,30.827,0.0400000000000027
doreco_port1286_2017_06_30_Jaklin.wav,es,55,ni,30.847,30.887,0.03999999999999915
doreco_port1286_2017_06_30_Jaklin.wav,es,56,ni,30.907,30.947,0.03999999999999915
doreco_port1286_2017_06_30_Jaklin.wav,es,57,ni,30.967,31.007,0.0400000000000027
doreco_port1286_2017_06_30_Jaklin.wav,es,58,ni,31.027,31.067,0.03999999999999915
doreco_port1286_2017_06_30_Jaklin.wav,es,59,ni,31.087,31.187,0.10000000000000142
doreco_port1286_2017_06_30_Jaklin.wav,es,60,ni,31.207,31.247,0.03999999999999915
doreco_port1286_2017_06_30_Jaklin.wav,es,61,ni,31.267,31.327,0.060000000000002274
doreco_port1286_2017_06_30_Jaklin.wav,es,62,ni,31.347,31.387,0.03999999999999915
doreco_port1286_2017_06_30_Jaklin.wav,es,63,ni,31.407,31.447,0.03999999999999915
doreco_port1286_2017_06_30_Jaklin.wav,es,64,ni,31.467,31.527,0.060000000000002274
doreco_port1286_2017_06_30_Jaklin.wav,es,65,ni,31.547,31.587,0.03999999999999915
doreco_port1286_2017_06_30_Jaklin.wav,es,66,ni,31.607,31.667,0.060000000000002274
doreco_port1286_2017_06_30_Jaklin.wav,es,67,ni,31.687,31.727,0.03999999999999915
doreco_port1286_2017_06_30_Jaklin.wav,es,68,ni,31.747,31.807,0.05999999999999872
doreco_port1286_2017_06_30_Jaklin.wav,es,69,ni,31.827,31.867,0.03999999999999915
doreco_port1286_2017_06_30_Jaklin.wav,es,70,ni,31.887,31.927,0.03999999999999915
doreco_port1286_2017_06_30_Jaklin.wav,es,71,ni,31.947,32.047,0.09999999999999787
doreco_port1286_2017_06_30_Jaklin.wav,es,72,ni,32.067,32.107,0.03999999999999915
doreco_port1286_2017_06_30_Jaklin.wav,es,73,ni,32.127,32.207,0.0799999999999983
doreco_port1286_2017_06_30_Jaklin.wav,es,74,ni,32.227,32.267,0.04000000000000625
doreco_port1286_2017_06_30_Jaklin.wav,es,75,ni,32.287,32.327,0.03999999999999915
doreco_port1286_2017_06_30_Jaklin.wav,es,76,ni,32.507,32.548,0.04100000000000392
doreco_port1286_2017_06_30_Jaklin.wav,es,77,ni,32.568,32.608,0.03999999999999915
doreco_port1286_2017_06_30_Jaklin.wav,es,78,ni,32.628,32.708,0.0799999999999983
doreco_port1286_2017_06_30_Jaklin.wav,es,79,ni,32.728,32.768,0.03999999999999915
doreco_port1286_2017_06_30_Jaklin.wav,es,80,ni,32.788,32.828,0.04000000000000625
doreco_port1286_2017_06_30_Jaklin.wav,es,81,ni,32.848,32.928,0.0799999999999983
doreco_port1286_2017_06_30_Jaklin.wav,es,82,ni,32.948,32.988,0.03999999999999915
doreco_port1286_2017_06_30_Jaklin.wav,es,83,ni,33.028,33.088,0.060000000000002274
doreco_port1286_2017_06_30_Jaklin.wav,es,84,ni,33.108,33.148,0.04000000000000625
doreco_port1286_2017_06_30_Jaklin.wav,es,85,ni,33.208,33.328,0.12000000000000455
doreco_port1286_2017_06_30_Jaklin.wav,es,86,ni,33.348,33.448,0.10000000000000142
doreco_port1286_2017_06_30_Jaklin.wav,es,87,ni,33.468,33.508,0.03999999999999915
doreco_port1286_2017_06_30_Jaklin.wav,es,88,ni,33.528,33.608,0.0799999999999983
doreco_port1286_2017_06_30_Jaklin.wav,es,89,ni,33.628,33.668,0.03999999999999915
doreco_port1286_2017_06_30_Jaklin.wav,es,90,ni,34.028,34.088,0.060000000000002274
doreco_port1286_2017_06_30_Jaklin.wav,es,91,ni,34.108,34.168,0.060000000000002274
doreco_port1286_2017_06_30_Jaklin.wav,es,92,ni,34.188,34.228,0.03999999999999915
doreco_port1286_2017_06_30_Jaklin.wav,es,93,ni,34.248,34.289,0.04100000000000392
doreco_port1286_2017_06_30_Jaklin.wav,es,94,ni,34.309,34.389,0.0800000000000054
doreco_port1286_2017_06_30_Jaklin.wav,es,95,ni,34.409,34.449,0.03999999999999915
doreco_port1286_2017_06_30_Jaklin.wav,es,96,ni,34.469,34.509,0.03999999999999915
doreco_port1286_2017_06_30_Jaklin.wav,es,97,ni,34.529,34.569,0.03999999999999915
doreco_port1286_2017_06_30_Jaklin.wav,es,98,ni,34.589,34.629,0.03999999999999915
doreco_port1286_2017_06_30_Jaklin.wav,es,99,ni,34.649,34.689,0.03999999999999915
doreco_port1286_2017_06_30_Jaklin.wav,es,100,ni,34.749,34.849,0.09999999999999432
doreco_port1286_2017_06_30_Jaklin.wav,es,101,ni,34.869,34.909,0.03999999999999915
doreco_port1286_2017_06_30_Jaklin.wav,es,102,ni,34.929,34.969,0.03999999999999915
doreco_port1286_2017_06_30_Jaklin.wav,es,103,ni,35.029,35.089,0.05999999999999517
doreco_port1286_2017_06_30_Jaklin.wav,es,104,ni,35.109,35.149,0.03999999999999915
doreco_port1286_2017_06_30_Jaklin.wav,es,105,ni,35.169,35.209,0.04000000000000625
doreco_port1286_2017_06_30_Jaklin.wav,es,106,ni,35.269,35.349,0.0799999999999983
doreco_port1286_2017_06_30_Jaklin.wav,es,107,ni,35.389,35.469,0.0799999999999983
doreco_port1286_2017_06_30_Jaklin.wav,es,108,ni,35.489,35.549,0.060000000000002274
doreco_port1286_2017_06_30_Jaklin.wav,es,109,ni,35.569,35.609,0.03999999999999915
doreco_port1286_2017_06_30_Jaklin.wav,es,110,ni,35.629,35.669,0.03999999999999915
doreco_port1286_2017_06_30_Jaklin.wav,es,111,ni,35.689,35.769,0.0799999999999983
doreco_port1286_2017_06_30_Jaklin.wav,es,112,ni,35.789,35.829,0.03999999999999915
doreco_port1286_2017_06_30_Jaklin.wav,es,113,ni,35.849,35.949,0.10000000000000142
doreco_port1286_2017_06_30_Jaklin.wav,es,114,ni,35.969,36.009,0.03999999999999915
doreco_port1286_2017_06_30_Jaklin.wav,es,115,ni,36.05,36.11,0.060000000000002274
doreco_port1286_2017_06_30_Jaklin.wav,es,116,ni,36.13,36.19,0.05999999999999517
doreco_port1286_2017_06_30_Jaklin.wav,es,117,ni,36.21,36.25,0.03999999999999915
doreco_port1286_2017_06_30_Jaklin.wav,es,118,ni,37.35,37.59,0.240000000000002
doreco_port1286_2017_06_30_Jaklin.wav,es,119,ni,37.61,37.65,0.03999999999999915
doreco_port1286_2017_06_30_Jaklin.wav,es,120,ni,37.67,37.71,0.03999999999999915
doreco_port1286_2017_06_30_Jaklin.wav,es,121,ni,37.73,37.77,0.04000000000000625
doreco_port1286_2017_06_30_Jaklin.wav,es,122,ni,37.79,37.831,0.04100000000000392
doreco_port1286_2017_06_30_Jaklin.wav,es,123,ni,37.851,37.891,0.03999999999999915
doreco_port1286_2017_06_30_Jaklin.wav,es,124,ni,37.911,37.951,0.03999999999999915
doreco_port1286_2017_06_30_Jaklin.wav,es,125,ni,37.971,38.031,0.060000000000002274
doreco_port1286_2017_06_30_Jaklin.wav,es,126,ni,38.051,38.091,0.03999999999999915
doreco_port1286_2017_06_30_Jaklin.wav,es,127,ni,38.111,38.171,0.060000000000002274
doreco_port1286_2017_06_30_Jaklin.wav,es,128,ni,38.191,38.231,0.03999999999999915
doreco_port1286_2017_06_30_Jaklin.wav,es,129,ni,38.251,38.331,0.0800000000000054
doreco_port1286_2017_06_30_Jaklin.wav,es,130,ni,38.351,38.391,0.03999999999999915
doreco_port1286_2017_06_30_Jaklin.wav,es,131,ni,38.411,38.471,0.05999999999999517
doreco_port1286_2017_06_30_Jaklin.wav,es,132,ni,38.491,38.531,0.03999999999999915
doreco_port1286_2017_06_30_Jaklin.wav,es,133,ni,38.571,38.651,0.0800000000000054
doreco_port1286_2017_06_30_Jaklin.wav,es,134,ni,38.671,38.731,0.060000000000002274
doreco_port1286_2017_06_30_Jaklin.wav,es,135,ni,38.751,38.811,0.060000000000002274
doreco_port1286_2017_06_30_Jaklin.wav,es,136,ni,38.831,38.911,0.0799999999999983
doreco_port1286_2017_06_30_Jaklin.wav,es,137,ni,38.931,38.991,0.060000000000002274
doreco_port1286_2017_06_30_Jaklin.wav,es,138,ni,39.011,39.191,0.17999999999999972
doreco_port1286_2017_06_30_Jaklin.wav,es,139,ni,39.211,39.271,0.060000000000002274
doreco_port1286_2017_06_30_Jaklin.wav,es,140,ni,39.291,39.331,0.04000000000000625
doreco_port1286_2017_06_30_Jaklin.wav,es,141,ni,39.351,39.391,0.03999999999999915
doreco_port1286_2017_06_30_Jaklin.wav,es,142,ni,39.411,39.491,0.0799999999999983
doreco_port1286_2017_06_30_Jaklin.wav,es,143,ni,39.511,39.551,0.03999999999999915
doreco_port1286_2017_06_30_Jaklin.wav,es,144,ni,39.572,39.612,0.03999999999999915
doreco_port1286_2017_06_30_Jaklin.wav,es,145,ni,39.632,39.672,0.03999999999999915
doreco_port1286_2017_06_30_Jaklin.wav,es,146,ni,39.832,39.932,0.10000000000000142
doreco_port1286_2017_06_30_Jaklin.wav,es,147,ni,39.952,40.012,0.060000000000002274
doreco_port1286_2017_06_30_Jaklin.wav,es,148,ni,40.032,40.092,0.060000000000002274
doreco_port1286_2017_06_30_Jaklin.wav,es,149,ni,40.172,40.252,0.0800000000000054
doreco_port1286_2017_06_30_Jaklin.wav,es,150,ni,40.272,40.312,0.03999999999999915
doreco_port1286_2017_06_30_Jaklin.wav,es,151,ni,40.352,40.412,0.060000000000002274
doreco_port1286_2017_06_30_Jaklin.wav,es,152,ni,40.432,41.132,0.6999999999999957
doreco_port1286_2017_06_30_Jaklin.wav,es,153,ni,41.232,41.353,0.12100000000000222
doreco_port1286_2017_06_30_Jaklin.wav,es,154,ni,41.393,41.473,0.0799999999999983
doreco_port1286_2017_06_30_Jaklin.wav,es,155,ni,41.493,41.533,0.03999999999999915
doreco_port1286_2017_06_30_Jaklin.wav,es,156,ni,41.573,41.633,0.060000000000002274
doreco_port1286_2017_06_30_Jaklin.wav,es,157,ni,41.653,41.713,0.060000000000002274
doreco_port1286_2017_06_30_Jaklin.wav,es,158,ni,41.733,41.773,0.04000000000000625
doreco_port1286_2017_06_30_Jaklin.wav,es,159,ni,41.813,41.893,0.0799999999999983
doreco_port1286_2017_06_30_Jaklin.wav,es,160,ni,41.933,41.993,0.060000000000002274
doreco_port1286_2017_06_30_Jaklin.wav,es,161,ni,42.013,42.053,0.03999999999999915
doreco_port1286_2017_06_30_Jaklin.wav,es,162,ni,42.073,42.113,0.03999999999999915
doreco_port1286_2017_06_30_Jaklin.wav,es,163,ni,42.133,42.193,0.05999999999999517
doreco_port1286_2017_06_30_Jaklin.wav,es,164,ni,42.253,42.293,0.03999999999999915
doreco_port1286_2017_06_30_Jaklin.wav,es,165,ni,42.353,42.413,0.05999999999999517
doreco_port1286_2017_06_30_Jaklin.wav,es,166,ni,42.433,42.473,0.03999999999999915
doreco_port1286_2017_06_30_Jaklin.wav,es,167,ni,42.533,42.593,0.060000000000002274
doreco_port1286_2017_06_30_Jaklin.wav,es,168,ni,42.613,42.653,0.03999999999999915
doreco_port1286_2017_06_30_Jaklin.wav,es,169,ni,42.673,42.713,0.03999999999999915
doreco_port1286_2017_06_30_Jaklin.wav,es,170,ni,42.753,42.833,0.0799999999999983
doreco_port1286_2017_06_30_Jaklin.wav,es,171,ni,42.853,42.913,0.05999999999999517
doreco_port1286_2017_06_30_Jaklin.wav,es,172,ni,42.953,43.073,0.11999999999999744
doreco_port1286_2017_06_30_Jaklin.wav,es,173,ni,43.093,43.134,0.04099999999999682
doreco_port1286_2017_06_30_Jaklin.wav,es,174,ni,43.154,43.194,0.03999999999999915
doreco_port1286_2017_06_30_Jaklin.wav,es,175,ni,43.474,43.594,0.12000000000000455
doreco_port1286_2017_06_30_Jaklin.wav,es,176,ni,43.614,43.654,0.04000000000000625
doreco_port1286_2017_06_30_Jaklin.wav,es,177,ni,43.694,43.754,0.05999999999999517
doreco_port1286_2017_06_30_Jaklin.wav,es,178,ni,43.774,43.814,0.03999999999999915
doreco_port1286_2017_06_30_Jaklin.wav,es,179,ni,43.874,43.934,0.05999999999999517
doreco_port1286_2017_06_30_Jaklin.wav,es,180,ni,43.974,44.034,0.060000000000002274
doreco_port1286_2017_06_30_Jaklin.wav,es,181,ni,44.054,44.094,0.03999999999999915
doreco_port1286_2017_06_30_Jaklin.wav,es,182,ni,44.114,44.154,0.04000000000000625
doreco_port1286_2017_06_30_Jaklin.wav,es,183,ni,44.174,44.234,0.060000000000002274
doreco_port1286_2017_06_30_Jaklin.wav,es,184,ni,44.254,44.294,0.03999999999999915
doreco_port1286_2017_06_30_Jaklin.wav,es,185,ni,44.314,44.354,0.03999999999999915
doreco_port1286_2017_06_30_Jaklin.wav,es,186,ni,44.374,44.474,0.09999999999999432
doreco_port1286_2017_06_30_Jaklin.wav,es,187,ni,44.494,44.534,0.03999999999999915
doreco_port1286_2017_06_30_Jaklin.wav,es,188,ni,44.594,44.674,0.0799999999999983
doreco_port1286_2017_06_30_Jaklin.wav,es,189,ni,44.694,44.734,0.03999999999999915
doreco_port1286_2017_06_30_Jaklin.wav,es,190,ni,44.754,44.854,0.10000000000000142
doreco_port1286_2017_06_30_Jaklin.wav,es,191,ni,44.875,44.915,0.03999999999999915
doreco_port1286_2017_06_30_Jaklin.wav,es,192,ni,45.775,45.855,0.0799999999999983
doreco_port1286_2017_06_30_Jaklin.wav,es,193,ni,45.895,45.935,0.03999999999999915
doreco_port1286_2017_06_30_Jaklin.wav,es,194,ni,45.955,45.995,0.03999999999999915
doreco_port1286_2017_06_30_Jaklin.wav,es,195,ni,46.015,46.075,0.060000000000002274
doreco_port1286_2017_06_30_Jaklin.wav,es,196,ni,46.115,46.215,0.10000000000000142
doreco_port1286_2017_06_30_Jaklin.wav,es,197,ni,46.255,46.295,0.03999999999999915
doreco_port1286_2017_06_30_Jaklin.wav,es,198,ni,46.315,46.395,0.0800000000000054
doreco_port1286_2017_06_30_Jaklin.wav,es,199,ni,46.415,46.455,0.03999999999999915
doreco_port1286_2017_06_30_Jaklin.wav,es,200,ni,46.475,46.555,0.0799999999999983
doreco_port1286_2017_06_30_Jaklin.wav,es,201,ni,46.575,46.615,0.03999999999999915
doreco_port1286_2017_06_30_Jaklin.wav,es,202,ni,46.636,46.716,0.0799999999999983
doreco_port1286_2017_06_30_Jaklin.wav,es,203,ni,46.736,46.776,0.04000000000000625
doreco_port1286_2017_06_30_Jaklin.wav,es,204,ni,46.816,46.896,0.0799999999999983
doreco_port1286_2017_06_30_Jaklin.wav,es,205,ni,46.916,46.956,0.04000000000000625
doreco_port1286_2017_06_30_Jaklin.wav,es,206,ni,46.976,47.036,0.060000000000002274
doreco_port1286_2017_06_30_Jaklin.wav,es,207,ni,47.056,47.096,0.03999999999999915
doreco_port1286_2017_06_30_Jaklin.wav,es,208,ni,47.296,47.336,0.03999999999999915
doreco_port1286_2017_06_30_Jaklin.wav,es,209,ni,47.376,47.476,0.10000000000000142
doreco_port1286_2017_06_30_Jaklin.wav,es,210,ni,47.516,47.616,0.10000000000000142
doreco_port1286_2017_06_30_Jaklin.wav,es,211,ni,47.636,47.696,0.05999999999999517
doreco_port1286_2017_06_30_Jaklin.wav,es,212,ni,47.716,47.756,0.03999999999999915
doreco_port1286_2017_06_30_Jaklin.wav,es,213,ni,47.776,47.836,0.05999999999999517
doreco_port1286_2017_06_30_Jaklin.wav,es,214,ni,47.876,47.936,0.060000000000002274
doreco_port1286_2017_06_30_Jaklin.wav,es,215,ni,48.036,48.096,0.05999999999999517
doreco_port1286_2017_06_30_Jaklin.wav,es,216,ni,48.116,48.156,0.03999999999999915
doreco_port1286_2017_06_30_Jaklin.wav,es,217,ni,48.176,48.216,0.03999999999999915
doreco_port1286_2017_06_30_Jaklin.wav,es,218,ni,48.236,48.296,0.060000000000002274
doreco_port1286_2017_06_30_Jaklin.wav,es,219,ni,48.316,48.356,0.03999999999999915
doreco_port1286_2017_06_30_Jaklin.wav,es,220,ni,48.417,48.497,0.0799999999999983
doreco_port1286_2017_06_30_Jaklin.wav,es,221,ni,48.517,48.557,0.03999999999999915
doreco_port1286_2017_06_30_Jaklin.wav,es,222,ni,48.577,48.637,0.060000000000002274
doreco_port1286_2017_06_30_Jaklin.wav,es,223,ni,48.717,48.817,0.10000000000000142
doreco_port1286_2017_06_30_Jaklin.wav,es,224,ni,48.877,48.937,0.05999999999999517
doreco_port1286_2017_06_30_Jaklin.wav,es,225,ni,48.977,49.077,0.10000000000000142
doreco_port1286_2017_06_30_Jaklin.wav,es,226,ni,49.097,49.137,0.03999999999999915
doreco_port1286_2017_06_30_Jaklin.wav,es,227,ni,49.217,49.317,0.10000000000000142
doreco_port1286_2017_06_30_Jaklin.wav,es,228,ni,49.357,49.437,0.0799999999999983
doreco_port1286_2017_06_30_Jaklin.wav,es,229,ni,49.457,49.557,0.10000000000000142
doreco_port1286_2017_06_30_Jaklin.wav,es,230,ni,49.577,49.617,0.03999999999999915
doreco_port1286_2017_06_30_Jaklin.wav,es,231,ni,49.637,49.697,0.060000000000002274
doreco_port1286_2017_06_30_Jaklin.wav,es,232,ni,49.717,49.777,0.060000000000002274
doreco_port1286_2017_06_30_Jaklin.wav,es,233,ni,49.857,49.957,0.10000000000000142
doreco_port1286_2017_06_30_Jaklin.wav,es,234,ni,49.977,50.077,0.10000000000000142
doreco_port1286_2017_06_30_Jaklin.wav,es,235,ni,50.097,50.137,0.03999999999999915
doreco_port1286_2017_06_30_Jaklin.wav,es,236,ni,50.158,50.198,0.03999999999999915
doreco_port1286_2017_06_30_Jaklin.wav,es,237,ni,50.218,50.258,0.03999999999999915
doreco_port1286_2017_06_30_Jaklin.wav,es,238,ni,50.298,50.378,0.0799999999999983
doreco_port1286_2017_06_30_Jaklin.wav,es,239,ni,50.438,50.518,0.0799999999999983
doreco_port1286_2017_06_30_Jaklin.wav,es,240,ni,50.538,50.598,0.060000000000002274
doreco_port1286_2017_06_30_Jaklin.wav,es,241,ni,50.798,50.858,0.05999999999999517
doreco_port1286_2017_06_30_Jaklin.wav,es,242,ni,50.878,50.918,0.03999999999999915
doreco_port1286_2017_06_30_Jaklin.wav,es,243,ni,50.938,50.998,0.05999999999999517
doreco_port1286_2017_06_30_Jaklin.wav,es,244,ni,51.018,51.058,0.03999999999999915
doreco_port1286_2017_06_30_Jaklin.wav,es,245,ni,51.098,51.158,0.060000000000002274
doreco_port1286_2017_06_30_Jaklin.wav,es,246,ni,51.178,51.218,0.04000000000000625
doreco_port1286_2017_06_30_Jaklin.wav,es,247,ni,51.278,51.398,0.12000000000000455
doreco_port1286_2017_06_30_Jaklin.wav,es,248,ni,51.458,51.518,0.060000000000002274
doreco_port1286_2017_06_30_Jaklin.wav,es,249,ni,51.578,51.638,0.05999999999999517
doreco_port1286_2017_06_30_Jaklin.wav,es,250,ni,51.658,51.698,0.03999999999999915
doreco_port1286_2017_06_30_Jaklin.wav,es,251,ni,51.718,51.798,0.0799999999999983
doreco_port1286_2017_06_30_Jaklin.wav,es,252,ni,51.818,51.858,0.03999999999999915
doreco_port1286_2017_06_30_Jaklin.wav,es,253,ni,51.878,51.979,0.10099999999999909
doreco_port1286_2017_06_30_Jaklin.wav,es,254,ni,52.119,52.199,0.0799999999999983
doreco_port1286_2017_06_30_Jaklin.wav,es,255,ni,52.219,52.279,0.060000000000002274
doreco_port1286_2017_06_30_Jaklin.wav,es,256,ni,52.299,52.339,0.03999999999999915
doreco_port1286_2017_06_30_Jaklin.wav,es,257,ni,52.359,52.399,0.03999999999999915
doreco_port1286_2017_06_30_Jaklin.wav,es,258,ni,52.419,52.499,0.0800000000000054
doreco_port1286_2017_06_30_Jaklin.wav,es,259,ni,52.519,52.559,0.03999999999999915
doreco_port1286_2017_06_30_Jaklin.wav,es,260,ni,52.639,52.719,0.0799999999999983
doreco_port1286_2017_06_30_Jaklin.wav,es,261,ni,52.739,52.779,0.04000000000000625
doreco_port1286_2017_06_30_Jaklin.wav,es,262,lombian,53.677,54.117,0.4399999999999977
doreco_port1286_2017_06_30_Jaklin.wav,es,263,teman,54.137,54.257,0.11999999999999744
doreco_port1286_2017_06_30_Jaklin.wav,es,264,murlombi,54.277,54.437,0.1599999999999966
doreco_port1286_2017_06_30_Jaklin.wav,es,265,ni,54.457,54.497,0.03999999999999915
doreco_port1286_2017_06_30_Jaklin.wav,es,266,campagam,54.517,54.697,0.17999999999999972
doreco_port1286_2017_06_30_Jaklin.wav,es,267,de,54.717,54.757,0.03999999999999915
doreco_port1286_2017_06_30_Jaklin.wav,es,268,mi,54.837,54.897,0.05999999999999517
doreco_port1286_2017_06_30_Jaklin.wav,es,269,ni,54.957,55.097,0.14000000000000057
doreco_port1286_2017_06_30_Jaklin.wav,es,270,de,55.117,55.237,0.12000000000000455
doreco_port1286_2017_06_30_Jaklin.wav,es,271,mi,55.257,55.377,0.12000000000000455
doreco_port1286_2017_06_30_Jaklin.wav,es,272,de,55.417,55.518,0.10099999999999909
doreco_port1286_2017_06_30_Jaklin.wav,es,273,mi,55.538,55.678,0.14000000000000057
doreco_port1286_2017_06_30_Jaklin.wav,es,274,de,55.698,55.778,0.0799999999999983
doreco_port1286_2017_06_30_Jaklin.wav,es,275,mi,55.838,55.978,0.14000000000000057
doreco_port1286_2017_06_30_Jaklin.wav,es,276,de,55.998,56.038,0.03999999999999915
doreco_port1286_2017_06_30_Jaklin.wav,es,277,mi,56.058,56.178,0.11999999999999744
doreco_port1286_2017_06_30_Jaklin.wav,es,278,de,56.238,56.338,0.10000000000000142
doreco_port1286_2017_06_30_Jaklin.wav,es,279,mi,56.358,56.498,0.14000000000000057
doreco_port1286_2017_06_30_Jaklin.wav,es,280,de,56.518,56.618,0.10000000000000142
doreco_port1286_2017_06_30_Jaklin.wav,es,281,mi,56.638,56.758,0.12000000000000455
doreco_port1286_2017_06_30_Jaklin.wav,es,282,de,56.778,57.318,0.5399999999999991
doreco_port1286_2017_06_30_Jaklin.wav,es,283,mi,57.358,57.498,0.14000000000000057
doreco_port1286_2017_06_30_Jaklin.wav,es,284,de,57.538,57.618,0.0800000000000054
doreco_port1286_2017_06_30_Jaklin.wav,es,285,mi,57.718,57.978,0.259999999999998
doreco_port1286_2017_06_30_Jaklin.wav,es,286,de,58.478,58.838,0.35999999999999943
doreco_port1286_2017_06_30_Jaklin.wav,es,287,mi,59.099,59.199,0.10000000000000142
doreco_port1286_2017_06_30_Jaklin.wav,es,288,de,59.239,59.359,0.12000000000000455
doreco_port1286_2017_06_30_Jaklin.wav,es,289,mi,59.379,59.499,0.12000000000000455
doreco_port1286_2017_06_30_Jaklin.wav,es,290,de,59.519,59.559,0.03999999999999915
doreco_port1286_2017_06_30_Jaklin.wav,es,291,mi,59.579,59.679,0.10000000000000142
doreco_port1286_2017_06_30_Jaklin.wav,es,292,de,59.699,59.779,0.0800000000000054
doreco_port1286_2017_06_30_Jaklin.wav,es,293,mi,59.799,59.919,0.11999999999999744
doreco_port1286_2017_06_30_Jaklin.wav,es,294,de,59.939,60.059,0.11999999999999744
doreco_port1286_2017_06_30_Jaklin.wav,es,295,mi,60.079,60.279,0.20000000000000284
doreco_port1286_2017_06_30_Jaklin.wav,es,296,de,60.299,60.379,0.0799999999999983
doreco_port1286_2017_06_30_Jaklin.wav,es,297,mi,61.579,61.699,0.11999999999999744
doreco_port1286_2017_06_30_Jaklin.wav,es,298,de,61.719,61.819,0.10000000000000142
doreco_port1286_2017_06_30_Jaklin.wav,es,299,mi,61.879,61.999,0.12000000000000455
doreco_port1286_2017_06_30_Jaklin.wav,es,300,de,62.019,62.119,0.10000000000000142
doreco_port1286_2017_06_30_Jaklin.wav,es,301,mi,62.139,62.259,0.11999999999999744
doreco_port1286_2017_06_30_Jaklin.wav,es,302,de,62.279,62.319,0.03999999999999915
doreco_port1286_2017_06_30_Jaklin.wav,es,303,mi,62.359,62.499,0.14000000000000057
doreco_port1286_2017_06_30_Jaklin.wav,es,304,de,62.519,62.659,0.14000000000000057
doreco_port1286_2017_06_30_Jaklin.wav,es,305,mi,62.74,62.88,0.14000000000000057
doreco_port1286_2017_06_30_Jaklin.wav,es,306,de,63.5,63.56,0.060000000000002274
doreco_port1286_2017_06_30_Jaklin.wav,es,307,mi,63.58,63.68,0.10000000000000142
doreco_port1286_2017_06_30_Jaklin.wav,es,308,de,63.7,63.8,0.09999999999999432
doreco_port1286_2017_06_30_Jaklin.wav,es,309,mi,63.84,64.1,0.2599999999999909
doreco_port1286_2017_06_30_Jaklin.wav,es,310,de,64.12,64.28,0.1599999999999966
doreco_port1286_2017_06_30_Jaklin.wav,es,311,mi,64.32,64.54,0.22000000000001307
doreco_port1286_2017_06_30_Jaklin.wav,es,312,de,64.6,64.72,0.12000000000000455
doreco_port1286_2017_06_30_Jaklin.wav,es,313,mi,64.78,64.94,0.1599999999999966
doreco_port1286_2017_06_30_Jaklin.wav,es,314,de,64.98,65.1,0.11999999999999034
doreco_port1286_2017_06_30_Jaklin.wav,es,315,mi,65.12,65.32,0.19999999999998863
doreco_port1286_2017_06_30_Jaklin.wav,es,316,de,65.34,65.44,0.09999999999999432
doreco_port1286_2017_06_30_Jaklin.wav,es,317,mi,65.46,65.62,0.1600000000000108
doreco_port1286_2017_06_30_Jaklin.wav,es,318,de,65.64,65.68,0.04000000000000625
doreco_port1286_2017_06_30_Jaklin.wav,es,319,mi,65.72,65.82,0.09999999999999432
doreco_port1286_2017_06_30_Jaklin.wav,es,320,de,65.84,65.94,0.09999999999999432
doreco_port1286_2017_06_30_Jaklin.wav,es,321,mi,65.96,66.12,0.1600000000000108
doreco_port1286_2017_06_30_Jaklin.wav,es,322,de,66.16,66.24,0.0799999999999983
doreco_port1286_2017_06_30_Jaklin.wav,es,323,mi,66.301,67.101,0.7999999999999972
doreco_port1286_2017_06_30_Jaklin.wav,es,324,de,67.141,67.221,0.0799999999999983
doreco_port1286_2017_06_30_Jaklin.wav,es,325,mi,67.241,67.361,0.12000000000000455
doreco_port1286_2017_06_30_Jaklin.wav,es,326,de,67.381,67.481,0.09999999999999432
doreco_port1286_2017_06_30_Jaklin.wav,es,327,mi,67.561,67.661,0.09999999999999432
doreco_port1286_2017_06_30_Jaklin.wav,es,328,de,67.681,67.801,0.12000000000000455
doreco_port1286_2017_06_30_Jaklin.wav,es,329,mi,67.821,68.001,0.18000000000000682
doreco_port1286_2017_06_30_Jaklin.wav,es,330,de,68.021,68.081,0.060000000000002274
doreco_port1286_2017_06_30_Jaklin.wav,es,331,mi,68.101,68.221,0.12000000000000455
doreco_port1286_2017_06_30_Jaklin.wav,es,332,de,68.241,68.341,0.09999999999999432
doreco_port1286_2017_06_30_Jaklin.wav,es,333,mi,68.361,68.701,0.3399999999999892
doreco_port1286_2017_06_30_Jaklin.wav,es,334,de,68.741,69.341,0.5999999999999943
doreco_port1286_2017_06_30_Jaklin.wav,es,335,mi,69.361,69.481,0.11999999999999034
doreco_port1286_2017_06_30_Jaklin.wav,es,336,de,69.521,69.641,0.12000000000000455
doreco_port1286_2017_06_30_Jaklin.wav,es,337,mi,69.681,69.962,0.2810000000000059
doreco_port1286_2017_06_30_Jaklin.wav,es,338,de,69.982,71.182,1.2000000000000028
doreco_port1286_2017_06_30_Jaklin.wav,es,339,mi,71.222,71.402,0.18000000000000682
doreco_port1286_2017_06_30_Jaklin.wav,es,340,de,71.442,71.542,0.10000000000000853
doreco_port1286_2017_06_30_Jaklin.wav,es,341,mi,71.602,71.702,0.09999999999999432
doreco_port1286_2017_06_30_Jaklin.wav,es,342,de,71.722,71.822,0.10000000000000853
doreco_port1286_2017_06_30_Jaklin.wav,es,343,mi,71.902,72.142,0.23999999999999488
doreco_port1286_2017_06_30_Jaklin.wav,es,344,de,72.242,72.342,0.09999999999999432
doreco_port1286_2017_06_30_Jaklin.wav,es,345,mi,72.482,72.662,0.18000000000000682
doreco_port1286_2017_06_30_Jaklin.wav,es,346,de,72.702,73.583,0.8810000000000002
doreco_port1286_2017_06_30_Jaklin.wav,es,347,mi,73.623,73.823,0.19999999999998863
doreco_port1286_2017_06_30_Jaklin.wav,es,348,de,73.843,74.023,0.1799999999999926
doreco_port1286_2017_06_30_Jaklin.wav,es,349,mi,74.043,74.143,0.09999999999999432
doreco_port1286_2017_06_30_Jaklin.wav,es,350,de,74.163,74.303,0.14000000000000057
doreco_port1286_2017_06_30_Jaklin.wav,es,351,mi,74.363,74.463,0.09999999999999432
doreco_port1286_2017_06_30_Jaklin.wav,es,352,de,74.483,75.843,1.3599999999999994
doreco_port1286_2017_06_30_Jaklin.wav,es,353,mi,75.883,76.023,0.14000000000000057
doreco_port1286_2017_06_30_Jaklin.wav,es,354,de,76.143,76.343,0.20000000000000284
doreco_port1286_2017_06_30_Jaklin.wav,es,355,mi,76.363,76.463,0.09999999999999432
doreco_port1286_2017_06_30_Jaklin.wav,es,356,de,76.583,76.663,0.0799999999999983
doreco_port1286_2017_06_30_Jaklin.wav,es,357,mi,76.683,76.803,0.11999999999999034
doreco_port1286_2017_06_30_Jaklin.wav,es,358,de,76.823,76.883,0.060000000000002274
doreco_port1286_2017_06_30_Jaklin.wav,es,359,mi,76.903,77.003,0.09999999999999432
doreco_port1286_2017_06_30_Jaklin.wav,es,360,de,77.023,77.063,0.04000000000000625
doreco_port1286_2017_06_30_Jaklin.wav,es,361,mi,77.104,77.204,0.09999999999999432
doreco_port1286_2017_06_30_Jaklin.wav,es,362,de,77.224,77.264,0.03999999999999204
doreco_port1286_2017_06_30_Jaklin.wav,es,363,mi,77.284,77.484,0.19999999999998863
doreco_port1286_2017_06_30_Jaklin.wav,es,364,de,77.544,77.704,0.1599999999999966
doreco_port1286_2017_06_30_Jaklin.wav,es,365,mi,77.724,77.964,0.23999999999999488
doreco_port1286_2017_06_30_Jaklin.wav,es,366,de,79.104,79.224,0.12000000000000455
doreco_port1286_2017_06_30_Jaklin.wav,es,367,mi,79.244,79.344,0.09999999999999432
doreco_port1286_2017_06_30_Jaklin.wav,es,368,de,79.384,79.484,0.09999999999999432
doreco_port1286_2017_06_30_Jaklin.wav,es,369,mi,79.504,79.604,0.09999999999999432
doreco_port1286_2017_06_30_Jaklin.wav,es,370,de,79.624,79.744,0.12000000000000455
doreco_port1286_2017_06_30_Jaklin.wav,es,371,mi,79.804,80.144,0.3400000000000034
doreco_port1286_2017_06_30_Jaklin.wav,es,372,de,80.164,81.145,0.9809999999999945
doreco_port1286_2017_06_30_Jaklin.wav,es,373,mi,81.165,81.285,0.11999999999999034
doreco_port1286_2017_06_30_Jaklin.wav,es,374,de,81.325,81.465,0.14000000000000057
doreco_port1286_2017_06_30_Jaklin.wav,es,375,mi,81.485,81.725,0.23999999999999488
doreco_port1286_2017_06_30_Jaklin.wav,es,376,de,81.745,81.885,0.14000000000000057
doreco_port1286_2017_06_30_Jaklin.wav,es,377,mi,81.905,82.045,0.14000000000000057
doreco_port1286_2017_06_30_Jaklin.wav,es,378,de,82.085,82.205,0.12000000000000455
doreco_port1286_2017_06_30_Jaklin.wav,es,379,mi,82.225,82.305,0.0800000000000125
doreco_port1286_2017_06_30_Jaklin.wav,es,380,limbo,82.786,82.906,0.12000000000000455
doreco_port1286_2017_06_30_Jaklin.wav,es,381,y,82.926,82.946,0.01999999999999602
doreco_port1286_2017_06_30_Jaklin.wav,es,382,él,82.966,83.026,0.060000000000002274
doreco_port1286_2017_06_30_Jaklin.wav,es,383,van,83.046,83.146,0.09999999999999432
doreco_port1286_2017_06_30_Jaklin.wav,es,384,bueno,83.166,83.286,0.12000000000000455
doreco_port1286_2017_06_30_Jaklin.wav,es,385,no,83.326,83.386,0.060000000000002274
doreco_port1286_2017_06_30_Jaklin.wav,es,386,es,83.446,83.487,0.04099999999999682
doreco_port1286_2017_06_30_Jaklin.wav,es,387,lo,83.567,83.667,0.10000000000000853
doreco_port1286_2017_06_30_Jaklin.wav,es,388,que,83.687,83.747,0.060000000000002274
doreco_port1286_2017_06_30_Jaklin.wav,es,389,mía,83.767,83.867,0.10000000000000853
doreco_port1286_2017_06_30_Jaklin.wav,es,390,no,83.887,83.927,0.04000000000000625
doreco_port1286_2017_06_30_Jaklin.wav,es,391,es,83.947,83.987,0.03999999999999204
doreco_port1286_2017_06_30_Jaklin.wav,es,392,lo,84.007,84.047,0.03999999999999204
doreco_port1286_2017_06_30_Jaklin.wav,es,393,que,84.067,84.167,0.10000000000000853
doreco_port1286_2017_06_30_Jaklin.wav,es,394,es,84.307,84.347,0.03999999999999204
doreco_port1286_2017_06_30_Jaklin.wav,es,395,lo,84.427,84.507,0.0799999999999983
doreco_port1286_2017_06_30_Jaklin.wav,es,396,que,84.567,84.727,0.1600000000000108
doreco_port1286_2017_06_30_Jaklin.wav,es,397,es,84.747,84.787,0.04000000000000625
doreco_port1286_2017_06_30_Jaklin.wav,es,398,lo,84.807,84.847,0.03999999999999204
doreco_port1286_2017_06_30_Jaklin.wav,es,399,que,84.888,84.968,0.0799999999999983
doreco_port1286_2017_06_30_Jaklin.wav,es,400,es,85.028,85.088,0.05999999999998806
doreco_port1286_2017_06_30_Jaklin.wav,es,401,lo,85.128,85.228,0.09999999999999432
doreco_port1286_2017_06_30_Jaklin.wav,es,402,que,85.268,85.348,0.0799999999999983
doreco_port1286_2017_06_30_Jaklin.wav,es,403,es,85.368,85.428,0.060000000000002274
doreco_port1286_2017_06_30_Jaklin.wav,es,404,lo,85.448,85.488,0.04000000000000625
doreco_port1286_2017_06_30_Jaklin.wav,es,405,que,85.548,85.668,0.12000000000000455
doreco_port1286_2017_06_30_Jaklin.wav,es,406,es,85.708,85.788,0.0799999999999983
doreco_port1286_2017_06_30_Jaklin.wav,es,407,lo,85.808,85.888,0.0799999999999983
doreco_port1286_2017_06_30_Jaklin.wav,es,408,que,85.948,86.068,0.12000000000000455
doreco_port1286_2017_06_30_Jaklin.wav,es,409,es,86.108,86.208,0.09999999999999432
doreco_port1286_2017_06_30_Jaklin.wav,es,410,lo,86.228,86.349,0.12100000000000932
doreco_port1286_2017_06_30_Jaklin.wav,es,411,que,86.369,86.469,0.09999999999999432
doreco_port1286_2017_06_30_Jaklin.wav,es,412,es,86.529,86.589,0.060000000000002274
doreco_port1286_2017_06_30_Jaklin.wav,es,413,lo,86.609,86.669,0.060000000000002274
doreco_port1286_2017_06_30_Jaklin.wav,es,414,que,86.689,86.849,0.1600000000000108
doreco_port1286_2017_06_30_Jaklin.wav,es,415,es,86.869,86.929,0.060000000000002274
doreco_port1286_2017_06_30_Jaklin.wav,es,416,lo,86.949,86.989,0.04000000000000625
doreco_port1286_2017_06_30_Jaklin.wav,es,417,que,87.009,87.129,0.12000000000000455
doreco_port1286_2017_06_30_Jaklin.wav,es,418,es,87.169,87.73,0.561000000000007
doreco_port1286_2017_06_30_Jaklin.wav,es,419,lo,87.75,87.79,0.04000000000000625
doreco_port1286_2017_06_30_Jaklin.wav,es,420,que,87.81,87.99,0.1799999999999926
doreco_port1286_2017_06_30_Jaklin.wav,es,421,es,88.05,88.11,0.060000000000002274
doreco_port1286_2017_06_30_Jaklin.wav,es,422,lo,88.15,88.23,0.0799999999999983
doreco_port1286_2017_06_30_Jaklin.wav,es,423,que,88.27,88.33,0.060000000000002274
doreco_port1286_2017_06_30_Jaklin.wav,es,424,es,88.35,88.41,0.060000000000002274
doreco_port1286_2017_06_30_Jaklin.wav,es,425,lo,88.45,88.53,0.0799999999999983
doreco_port1286_2017_06_30_Jaklin.wav,es,426,que,88.57,88.73,0.1600000000000108
doreco_port1286_2017_06_30_Jaklin.wav,es,427,es,88.81,88.93,0.12000000000000455
doreco_port1286_2017_06_30_Jaklin.wav,es,428,lo,88.99,89.111,0.12100000000000932
doreco_port1286_2017_06_30_Jaklin.wav,es,429,que,89.191,89.351,0.1599999999999966
doreco_port1286_2017_06_30_Jaklin.wav,es,430,es,89.391,89.431,0.03999999999999204
doreco_port1286_2017_06_30_Jaklin.wav,es,431,lo,89.491,89.571,0.0799999999999983
doreco_port1286_2017_06_30_Jaklin.wav,es,432,que,89.671,89.771,0.09999999999999432
doreco_port1286_2017_06_30_Jaklin.wav,es,433,es,89.811,89.871,0.05999999999998806
doreco_port1286_2017_06_30_Jaklin.wav,es,434,lo,89.891,89.931,0.03999999999999204
doreco_port1286_2017_06_30_Jaklin.wav,es,435,que,89.971,90.592,0.6209999999999951
doreco_port1286_2017_06_30_Jaklin.wav,es,436,es,90.632,90.672,0.03999999999999204
doreco_port1286_2017_06_30_Jaklin.wav,es,437,lo,90.692,90.732,0.04000000000000625
doreco_port1286_2017_06_30_Jaklin.wav,es,438,que,90.772,90.852,0.0799999999999983
doreco_port1286_2017_06_30_Jaklin.wav,es,439,es,90.872,90.912,0.04000000000000625
doreco_port1286_2017_06_30_Jaklin.wav,es,440,lo,90.952,91.072,0.12000000000000455
doreco_port1286_2017_06_30_Jaklin.wav,es,441,que,91.092,91.212,0.12000000000000455
doreco_port1286_2017_06_30_Jaklin.wav,es,442,es,91.232,91.272,0.04000000000000625
doreco_port1286_2017_06_30_Jaklin.wav,es,443,lo,91.312,91.372,0.060000000000002274
doreco_port1286_2017_06_30_Jaklin.wav,es,444,que,91.432,91.512,0.0799999999999983
doreco_port1286_2017_06_30_Jaklin.wav,es,445,es,91.532,91.572,0.04000000000000625
doreco_port1286_2017_06_30_Jaklin.wav,es,446,lo,91.592,91.732,0.14000000000000057
doreco_port1286_2017_06_30_Jaklin.wav,es,447,que,91.752,91.852,0.10000000000000853
doreco_port1286_2017_06_30_Jaklin.wav,es,448,es,91.953,91.993,0.03999999999999204
doreco_port1286_2017_06_30_Jaklin.wav,es,449,lo,92.013,92.053,0.03999999999999204
doreco_port1286_2017_06_30_Jaklin.wav,es,450,que,92.073,92.153,0.0800000000000125
doreco_port1286_2017_06_30_Jaklin.wav,es,451,es,92.173,92.253,0.0799999999999983
doreco_port1286_2017_06_30_Jaklin.wav,es,452,lo,92.273,92.453,0.18000000000000682
doreco_port1286_2017_06_30_Jaklin.wav,es,453,que,92.473,92.573,0.09999999999999432
doreco_port1286_2017_06_30_Jaklin.wav,es,454,es,92.633,92.693,0.060000000000002274
doreco_port1286_2017_06_30_Jaklin.wav,es,455,lo,92.713,92.753,0.04000000000000625
doreco_port1286_2017_06_30_Jaklin.wav,es,456,que,92.773,92.913,0.14000000000000057
doreco_port1286_2017_06_30_Jaklin.wav,es,457,es,92.933,92.973,0.03999999999999204
doreco_port1286_2017_06_30_Jaklin.wav,es,458,lo,92.993,93.033,0.04000000000000625
doreco_port1286_2017_06_30_Jaklin.wav,es,459,que,93.073,93.153,0.0800000000000125
doreco_port1286_2017_06_30_Jaklin.wav,es,460,es,93.173,93.213,0.03999999999999204
doreco_port1286_2017_06_30_Jaklin.wav,es,461,lo,93.233,93.334,0.10099999999999909
doreco_port1286_2017_06_30_Jaklin.wav,es,462,que,93.354,93.434,0.0799999999999983
doreco_port1286_2017_06_30_Jaklin.wav,es,463,es,93.474,93.514,0.03999999999999204
doreco_port1286_2017_06_30_Jaklin.wav,es,464,lo,93.534,93.574,0.03999999999999204
doreco_port1286_2017_06_30_Jaklin.wav,es,465,que,93.594,93.674,0.0800000000000125
doreco_port1286_2017_06_30_Jaklin.wav,es,466,es,93.694,93.734,0.03999999999999204
doreco_port1286_2017_06_30_Jaklin.wav,es,467,lo,93.754,93.794,0.03999999999999204
doreco_port1286_2017_06_30_Jaklin.wav,es,468,que,93.874,93.934,0.060000000000002274
doreco_port1286_2017_06_30_Jaklin.wav,es,469,es,93.954,94.014,0.060000000000002274
doreco_port1286_2017_06_30_Jaklin.wav,es,470,lo,94.054,94.154,0.09999999999999432
doreco_port1286_2017_06_30_Jaklin.wav,es,471,que,94.194,94.294,0.09999999999999432
doreco_port1286_2017_06_30_Jaklin.wav,es,472,es,94.354,94.394,0.04000000000000625
doreco_port1286_2017_06_30_Jaklin.wav,es,473,lo,94.414,94.454,0.03999999999999204
doreco_port1286_2017_06_30_Jaklin.wav,es,474,que,94.474,94.534,0.060000000000002274
doreco_port1286_2017_06_30_Jaklin.wav,es,475,es,94.614,94.654,0.03999999999999204
doreco_port1286_2017_06_30_Jaklin.wav,es,476,lo,94.674,94.715,0.04099999999999682
doreco_port1286_2017_06_30_Jaklin.wav,es,477,que,94.735,94.835,0.09999999999999432
doreco_port1286_2017_06_30_Jaklin.wav,es,478,es,94.855,94.895,0.03999999999999204
doreco_port1286_2017_06_30_Jaklin.wav,es,479,lo,94.915,94.955,0.03999999999999204
doreco_port1286_2017_06_30_Jaklin.wav,es,480,que,94.975,95.995,1.0200000000000102
doreco_port1286_2017_06_30_Jaklin.wav,es,481,es,96.015,96.096,0.08100000000000307
doreco_port1286_2017_06_30_Jaklin.wav,es,482,lo,96.136,96.236,0.10000000000000853
doreco_port1286_2017_06_30_Jaklin.wav,es,483,que,96.276,96.336,0.060000000000002274
doreco_port1286_2017_06_30_Jaklin.wav,es,484,es,96.356,96.396,0.04000000000000625
doreco_port1286_2017_06_30_Jaklin.wav,es,485,lo,96.416,96.456,0.04000000000000625
doreco_port1286_2017_06_30_Jaklin.wav,es,486,que,96.476,96.536,0.060000000000002274
doreco_port1286_2017_06_30_Jaklin.wav,es,487,es,96.576,96.776,0.20000000000000284
doreco_port1286_2017_06_30_Jaklin.wav,es,488,lo,96.796,96.836,0.03999999999999204
doreco_port1286_2017_06_30_Jaklin.wav,es,489,que,96.856,97.256,0.4000000000000057
doreco_port1286_2017_06_30_Jaklin.wav,es,490,es,97.316,97.356,0.03999999999999204
doreco_port1286_2017_06_30_Jaklin.wav,es,491,lo,97.376,97.416,0.03999999999999204
doreco_port1286_2017_06_30_Jaklin.wav,es,492,que,97.436,97.557,0.12099999999999511
doreco_port1286_2017_06_30_Jaklin.wav,es,493,es,97.637,97.697,0.060000000000002274
doreco_port1286_2017_06_30_Jaklin.wav,es,494,lo,97.717,97.817,0.09999999999999432
doreco_port1286_2017_06_30_Jaklin.wav,es,495,que,97.877,97.997,0.12000000000000455
doreco_port1286_2017_06_30_Jaklin.wav,es,496,es,98.017,98.057,0.04000000000000625
doreco_port1286_2017_06_30_Jaklin.wav,es,497,lo,98.097,98.297,0.20000000000000284
doreco_port1286_2017_06_30_Jaklin.wav,es,498,que,98.317,98.397,0.0800000000000125
doreco_port1286_2017_06_30_Jaklin.wav,es,499,es,98.417,98.477,0.060000000000002274
doreco_port1286_2017_06_30_Jaklin.wav,es,500,lo,98.497,98.537,0.04000000000000625
doreco_port1286_2017_06_30_Jaklin.wav,es,501,que,98.577,98.717,0.14000000000000057
doreco_port1286_2017_06_30_Jaklin.wav,es,502,es,98.777,98.958,0.18099999999999739
doreco_port1286_2017_06_30_Jaklin.wav,es,503,lo,99.018,99.118,0.09999999999999432
doreco_port1286_2017_06_30_Jaklin.wav,es,504,que,99.218,99.338,0.11999999999999034
doreco_port1286_2017_06_30_Jaklin.wav,es,505,es,99.358,99.438,0.0799999999999983
doreco_port1286_2017_06_30_Jaklin.wav,es,506,lo,99.458,99.618,0.1599999999999966
doreco_port1286_2017_06_30_Jaklin.wav,es,507,que,99.658,99.718,0.060000000000002274
doreco_port1286_2017_06_30_Jaklin.wav,es,508,es,99.738,99.778,0.04000000000000625
doreco_port1286_2017_06_30_Jaklin.wav,es,509,lo,99.798,99.838,0.03999999999999204
doreco_port1286_2017_06_30_Jaklin.wav,es,510,que,99.858,100.559,0.7009999999999934
doreco_port1286_2017_06_30_Jaklin.wav,es,511,es,100.579,100.619,0.04000000000000625
doreco_port1286_2017_06_30_Jaklin.wav,es,512,lo,100.639,100.679,0.04000000000000625
doreco_port1286_2017_06_30_Jaklin.wav,es,513,que,100.699,100.819,0.12000000000000455
doreco_port1286_2017_06_30_Jaklin.wav,es,514,es,100.839,100.919,0.0799999999999983
doreco_port1286_2017_06_30_Jaklin.wav,es,515,lo,100.939,100.979,0.04000000000000625
doreco_port1286_2017_06_30_Jaklin.wav,es,516,que,100.999,101.059,0.060000000000002274
doreco_port1286_2017_06_30_Jaklin.wav,es,517,es,101.079,101.119,0.04000000000000625
doreco_port1286_2017_06_30_Jaklin.wav,es,518,lo,101.159,101.279,0.11999999999999034
doreco_port1286_2017_06_30_Jaklin.wav,es,519,que,101.299,101.399,0.09999999999999432
doreco_port1286_2017_06_30_Jaklin.wav,es,520,es,101.419,101.459,0.04000000000000625
doreco_port1286_2017_06_30_Jaklin.wav,es,521,lo,101.499,101.559,0.060000000000002274
doreco_port1286_2017_06_30_Jaklin.wav,es,522,que,101.599,101.74,0.14099999999999113
doreco_port1286_2017_06_30_Jaklin.wav,es,523,es,101.76,101.84,0.0799999999999983
doreco_port1286_2017_06_30_Jaklin.wav,es,524,lo,101.86,101.9,0.04000000000000625
doreco_port1286_2017_06_30_Jaklin.wav,es,525,que,101.92,102.02,0.09999999999999432
doreco_port1286_2017_06_30_Jaklin.wav,es,526,es,102.04,102.12,0.0799999999999983
doreco_port1286_2017_06_30_Jaklin.wav,es,527,lo,102.18,102.22,0.03999999999999204
doreco_port1286_2017_06_30_Jaklin.wav,es,528,que,102.24,102.32,0.0799999999999983
doreco_port1286_2017_06_30_Jaklin.wav,es,529,es,102.34,102.4,0.060000000000002274
doreco_port1286_2017_06_30_Jaklin.wav,es,530,lo,102.52,102.66,0.14000000000000057
doreco_port1286_2017_06_30_Jaklin.wav,es,531,que,102.68,102.84,0.1599999999999966
doreco_port1286_2017_06_30_Jaklin.wav,es,532,es,102.86,102.9,0.04000000000000625
doreco_port1286_2017_06_30_Jaklin.wav,es,533,lo,102.92,103.02,0.09999999999999432
doreco_port1286_2017_06_30_Jaklin.wav,es,534,que,103.04,103.121,0.08099999999998886
doreco_port1286_2017_06_30_Jaklin.wav,es,535,es,103.221,103.261,0.03999999999999204
doreco_port1286_2017_06_30_Jaklin.wav,es,536,lo,103.281,103.321,0.03999999999999204
doreco_port1286_2017_06_30_Jaklin.wav,es,537,que,103.341,103.401,0.060000000000002274
doreco_port1286_2017_06_30_Jaklin.wav,es,538,es,103.421,103.501,0.0799999999999983
doreco_port1286_2017_06_30_Jaklin.wav,es,539,lo,103.581,103.701,0.11999999999999034
doreco_port1286_2017_06_30_Jaklin.wav,es,540,que,103.821,103.961,0.14000000000000057
doreco_port1286_2017_06_30_Jaklin.wav,es,541,es,104.001,104.061,0.060000000000002274
doreco_port1286_2017_06_30_Jaklin.wav,es,542,lo,104.081,104.141,0.060000000000002274
doreco_port1286_2017_06_30_Jaklin.wav,es,543,que,104.161,104.261,0.09999999999999432
doreco_port1286_2017_06_30_Jaklin.wav,es,544,es,104.321,104.381,0.060000000000002274
doreco_port1286_2017_06_30_Jaklin.wav,es,545,lo,104.401,104.441,0.04000000000000625
doreco_port1286_2017_06_30_Jaklin.wav,es,546,que,104.461,104.582,0.12099999999999511
doreco_port1286_2017_06_30_Jaklin.wav,es,547,es,104.602,104.682,0.0799999999999983
doreco_port1286_2017_06_30_Jaklin.wav,es,548,lo,104.702,104.782,0.0799999999999983
doreco_port1286_2017_06_30_Jaklin.wav,es,549,que,104.802,104.882,0.0799999999999983
doreco_port1286_2017_06_30_Jaklin.wav,es,550,es,104.902,105.202,0.29999999999999716
doreco_port1286_2017_06_30_Jaklin.wav,es,551,lo,105.222,105.342,0.12000000000000455
doreco_port1286_2017_06_30_Jaklin.wav,es,552,que,105.442,105.502,0.060000000000002274
doreco_port1286_2017_06_30_Jaklin.wav,es,553,es,105.522,105.602,0.0799999999999983
doreco_port1286_2017_06_30_Jaklin.wav,es,554,lo,105.622,105.742,0.12000000000000455
doreco_port1286_2017_06_30_Jaklin.wav,es,555,que,105.822,105.903,0.08100000000000307
doreco_port1286_2017_06_30_Jaklin.wav,es,556,es,106.003,106.043,0.04000000000000625
doreco_port1286_2017_06_30_Jaklin.wav,es,557,lo,106.063,106.143,0.0799999999999983
doreco_port1286_2017_06_30_Jaklin.wav,es,558,que,106.183,106.243,0.05999999999998806
doreco_port1286_2017_06_30_Jaklin.wav,es,559,es,106.263,106.303,0.03999999999999204
doreco_port1286_2017_06_30_Jaklin.wav,es,560,lo,106.343,106.383,0.03999999999999204
doreco_port1286_2017_06_30_Jaklin.wav,es,561,temearles,107.474,108.095,0.6209999999999951
doreco_port1286_2017_06_30_Jaklin.wav,es,562,no,108.115,108.155,0.04000000000000625
doreco_port1286_2017_06_30_Jaklin.wav,es,563,me,108.175,108.275,0.10000000000000853
doreco_port1286_2017_06_30_Jaklin.wav,es,564,me,108.295,108.395,0.09999999999999432
doreco_port1286_2017_06_30_Jaklin.wav,es,565,la,108.435,108.615,0.1799999999999926
doreco_port1286_2017_06_30_Jaklin.wav,es,566,nunca,108.995,109.436,0.4410000000000025
doreco_port1286_2017_06_30_Jaklin.wav,es,567,me,109.456,109.736,0.28000000000000114
doreco_port1286_2017_06_30_Jaklin.wav,es,568,quedé,110.156,110.477,0.32099999999999795
doreco_port1286_2017_06_30_Jaklin.wav,es,569,no,110.497,110.537,0.04000000000000625
doreco_port1286_2017_06_30_Jaklin.wav,es,570,me,110.557,110.657,0.09999999999999432
doreco_port1286_2017_06_30_Jaklin.wav,es,571,coloevan,110.717,111.217,0.5
doreco_port1286_2017_06_30_Jaklin.wav,es,572,no,111.237,111.277,0.04000000000000625
doreco_port1286_2017_06_30_Jaklin.wav,es,573,me,111.377,111.457,0.0799999999999983
doreco_port1286_2017_06_30_Jaklin.wav,es,574,cociname,111.517,112.238,0.7210000000000036
doreco_port1286_2017_06_30_Jaklin.wav,es,575,temearles,113.019,113.659,0.6400000000000006
doreco_port1286_2017_06_30_Jaklin.wav,es,576,no,113.699,113.819,0.12000000000000455
doreco_port1286_2017_06_30_Jaklin.wav,es,577,me,113.939,114.08,0.14100000000000534
doreco_port1286_2017_06_30_Jaklin.wav,es,578,van,114.58,114.72,0.14000000000000057
doreco_port1286_2017_06_30_Jaklin.wav,es,579,no,114.76,114.88,0.11999999999999034
doreco_port1286_2017_06_30_Jaklin.wav,es,580,me,114.92,115.04,0.12000000000000455
doreco_port1286_2017_06_30_Jaklin.wav,es,581,corte,115.1,115.301,0.20100000000000762
doreco_port1286_2017_06_30_Jaklin.wav,es,582,no,115.361,115.461,0.09999999999999432
doreco_port1286_2017_06_30_Jaklin.wav,es,583,me,115.501,115.601,0.09999999999999432
doreco_port1286_2017_06_30_Jaklin.wav,es,584,aliquia,115.621,116.061,0.44000000000001194
doreco_port1286_2017_06_30_Jaklin.wav,es,585,no,116.121,116.201,0.0799999999999983
doreco_port1286_2017_06_30_Jaklin.wav,es,586,me,116.281,116.382,0.10099999999999909
doreco_port1286_2017_06_30_Jaklin.wav,es,587,algan,116.442,116.742,0.30000000000001137
doreco_port1286_2017_06_30_Jaklin.wav,es,588,no,116.782,117.002,0.21999999999999886
doreco_port1286_2017_06_30_Jaklin.wav,es,589,me,117.062,117.202,0.14000000000000057
doreco_port1286_2017_06_30_Jaklin.wav,es,590,algan,117.262,117.643,0.3810000000000002
doreco_port1286_2017_06_30_Jaklin.wav,es,591,temearles,119.304,119.784,0.480000000000004
doreco_port1286_2017_06_30_Jaklin.wav,es,592,no,119.904,120.005,0.10099999999999909
doreco_port1286_2017_06_30_Jaklin.wav,es,593,me,120.025,120.205,0.1799999999999926
doreco_port1286_2017_06_30_Jaklin.wav,es,594,algan,120.465,120.865,0.3999999999999915
doreco_port1286_2017_06_30_Jaklin.wav,es,595,no,121.146,121.246,0.09999999999999432
doreco_port1286_2017_06_30_Jaklin.wav,es,596,me,121.266,121.326,0.05999999999998806
doreco_port1286_2017_06_30_Jaklin.wav,es,597,algan,121.346,121.586,0.23999999999999488
doreco_port1286_2017_06_30_Jaklin.wav,es,598,no,121.686,122.006,0.3199999999999932
doreco_port1286_2017_06_30_Jaklin.wav,es,599,me,122.026,122.647,0.6210000000000093
doreco_port1286_2017_06_30_Jaklin.wav,es,600,algan,122.667,122.887,0.21999999999999886
doreco_port1286_2017_06_30_Jaklin.wav,es,601,no,122.927,123.047,0.11999999999999034
doreco_port1286_2017_06_30_Jaklin.wav,es,602,me,123.067,123.147,0.0800000000000125
doreco_port1286_2017_06_30_Jaklin.wav,es,603,algan,123.167,123.387,0.21999999999999886
doreco_port1286_2017_06_30_Jaklin.wav,es,604,no,123.407,123.467,0.060000000000002274
doreco_port1286_2017_06_30_Jaklin.wav,es,605,me,123.487,123.548,0.06100000000000705
doreco_port1286_2017_06_30_Jaklin.wav,es,606,algan,123.568,123.868,0.29999999999999716
doreco_port1286_2017_06_30_Jaklin.wav,es,607,no,123.928,123.988,0.060000000000002274
doreco_port1286_2017_06_30_Jaklin.wav,es,608,me,124.008,124.068,0.060000000000002274
doreco_port1286_2017_06_30_Jaklin.wav,es,609,algan,124.088,124.248,0.1600000000000108
doreco_port1286_2017_06_30_Jaklin.wav,es,610,no,124.268,124.308,0.04000000000000625
doreco_port1286_2017_06_30_Jaklin.wav,es,611,me,124.328,124.408,0.0799999999999983
doreco_port1286_2017_06_30_Jaklin.wav,es,612,algan,124.448,124.588,0.14000000000000057
doreco_port1286_2017_06_30_Jaklin.wav,es,613,no,124.608,124.648,0.03999999999999204
doreco_port1286_2017_06_30_Jaklin.wav,es,614,me,124.668,124.749,0.08099999999998886
doreco_port1286_2017_06_30_Jaklin.wav,es,615,algan,124.769,124.989,0.21999999999999886
doreco_port1286_2017_06_30_Jaklin.wav,es,616,no,125.049,125.129,0.0799999999999983
doreco_port1286_2017_06_30_Jaklin.wav,es,617,me,125.169,125.309,0.14000000000000057
doreco_port1286_2017_06_30_Jaklin.wav,es,618,algan,125.329,125.589,0.2600000000000051
doreco_port1286_2017_06_30_Jaklin.wav,es,619,no,125.609,126.15,0.541000000000011
doreco_port1286_2017_06_30_Jaklin.wav,es,620,me,126.19,126.25,0.060000000000002274
doreco_port1286_2017_06_30_Jaklin.wav,es,621,algan,126.27,126.43,0.1600000000000108
doreco_port1286_2017_06_30_Jaklin.wav,es,622,no,126.45,126.49,0.03999999999999204
doreco_port1286_2017_06_30_Jaklin.wav,es,623,me,126.53,126.63,0.09999999999999432
doreco_port1286_2017_06_30_Jaklin.wav,es,624,algan,126.67,126.89,0.21999999999999886
doreco_port1286_2017_06_30_Jaklin.wav,es,625,no,126.91,126.95,0.04000000000000625
doreco_port1286_2017_06_30_Jaklin.wav,es,626,me,126.97,127.05,0.0799999999999983
doreco_port1286_2017_06_30_Jaklin.wav,es,627,algan,127.07,127.291,0.22100000000000364
doreco_port1286_2017_06_30_Jaklin.wav,es,628,no,127.331,127.431,0.09999999999999432
doreco_port1286_2017_06_30_Jaklin.wav,es,629,me,127.471,127.611,0.14000000000000057
doreco_port1286_2017_06_30_Jaklin.wav,es,630,algan,127.631,127.851,0.21999999999999886
doreco_port1286_2017_06_30_Jaklin.wav,es,631,no,127.871,128.231,0.35999999999999943
doreco_port1286_2017_06_30_Jaklin.wav,es,632,me,128.251,128.312,0.06100000000000705
doreco_port1286_2017_06_30_Jaklin.wav,es,633,algan,128.332,128.532,0.20000000000001705
doreco_port1286_2017_06_30_Jaklin.wav,es,634,no,128.572,128.652,0.07999999999998408
doreco_port1286_2017_06_30_Jaklin.wav,es,635,me,128.672,128.712,0.03999999999999204
doreco_port1286_2017_06_30_Jaklin.wav,es,636,algan,128.732,128.892,0.1599999999999966
doreco_port1286_2017_06_30_Jaklin.wav,es,637,no,128.912,129.012,0.09999999999999432
doreco_port1286_2017_06_30_Jaklin.wav,es,638,me,129.072,129.132,0.060000000000002274
doreco_port1286_2017_06_30_Jaklin.wav,es,639,algan,129.152,129.392,0.2400000000000091
doreco_port1286_2017_06_30_Jaklin.wav,es,640,no,129.432,129.513,0.08100000000001728
doreco_port1286_2017_06_30_Jaklin.wav,es,641,me,129.553,129.633,0.0800000000000125
doreco_port1286_2017_06_30_Jaklin.wav,es,642,algan,129.753,131.374,1.6210000000000093
doreco_port1286_2017_06_30_Jaklin.wav,es,643,no,131.414,131.534,0.12000000000000455
doreco_port1286_2017_06_30_Jaklin.wav,es,644,me,131.554,131.614,0.060000000000002274
doreco_port1286_2017_06_30_Jaklin.wav,es,645,algan,131.654,131.915,0.2609999999999957
doreco_port1286_2017_06_30_Jaklin.wav,es,646,no,131.935,132.055,0.12000000000000455
doreco_port1286_2017_06_30_Jaklin.wav,es,647,me,132.095,132.175,0.0800000000000125
doreco_port1286_2017_06_30_Jaklin.wav,es,648,algan,132.195,132.335,0.14000000000001478
doreco_port1286_2017_06_30_Jaklin.wav,es,649,entonces,133.113,133.453,0.3400000000000034
doreco_port1286_2017_06_30_Jaklin.wav,es,650,si,133.473,133.513,0.03999999999999204
doreco_port1286_2017_06_30_Jaklin.wav,es,651,ni,133.533,133.573,0.040000000000020464
doreco_port1286_2017_06_30_Jaklin.wav,es,652,si,133.593,133.653,0.060000000000002274
doreco_port1286_2017_06_30_Jaklin.wav,es,653,ni,133.673,133.713,0.03999999999999204
doreco_port1286_2017_06_30_Jaklin.wav,es,654,me,133.733,133.793,0.060000000000002274
doreco_port1286_2017_06_30_Jaklin.wav,es,655,van,133.813,133.893,0.0800000000000125
doreco_port1286_2017_06_30_Jaklin.wav,es,656,me,133.913,133.993,0.07999999999998408
doreco_port1286_2017_06_30_Jaklin.wav,es,657,le,134.013,134.053,0.03999999999999204
doreco_port1286_2017_06_30_Jaklin.wav,es,658,quedé,134.073,134.173,0.09999999999999432
doreco_port1286_2017_06_30_Jaklin.wav,es,659,narrenman,134.193,134.393,0.19999999999998863
doreco_port1286_2017_06_30_Jaklin.wav,es,660,me,134.413,134.473,0.060000000000002274
doreco_port1286_2017_06_30_Jaklin.wav,es,661,lo,134.493,134.533,0.03999999999999204
doreco_port1286_2017_06_30_Jaklin.wav,es,662,conan,134.553,134.793,0.2400000000000091
doreco_port1286_2017_06_30_Jaklin.wav,es,663,bien,135.153,135.253,0.09999999999999432
doreco_port1286_2017_06_30_Jaklin.wav,es,664,me,135.273,135.373,0.09999999999999432
doreco_port1286_2017_06_30_Jaklin.wav,es,665,preocupó,135.393,135.793,0.4000000000000057
doreco_port1286_2017_06_30_Jaklin.wav,es,666,narrenman,136.114,136.674,0.5600000000000023
doreco_port1286_2017_06_30_Jaklin.wav,es,667,me,136.694,136.734,0.040000000000020464
doreco_port1286_2017_06_30_Jaklin.wav,es,668,vee,136.754,136.874,0.12000000000000455
doreco_port1286_2017_06_30_Jaklin.wav,es,669,clomeclo,136.914,137.254,0.3400000000000034
doreco_port1286_2017_06_30_Jaklin.wav,es,670,vanché,137.294,137.454,0.1599999999999966
doreco_port1286_2017_06_30_Jaklin.wav,es,671,a,137.474,137.514,0.040000000000020464
doreco_port1286_2017_06_30_Jaklin.wav,es,672,mío,137.534,137.614,0.0800000000000125
doreco_port1286_2017_06_30_Jaklin.wav,es,673,te,137.654,137.754,0.09999999999999432
doreco_port1286_2017_06_30_Jaklin.wav,es,674,matme,137.774,137.954,0.18000000000000682
doreco_port1286_2017_06_30_Jaklin.wav,es,675,me,137.974,138.014,0.040000000000020464
doreco_port1286_2017_06_30_Jaklin.wav,es,676,metí,138.774,138.914,0.13999999999998636
doreco_port1286_2017_06_30_Jaklin.wav,es,677,ni,138.954,139.074,0.12000000000000455
doreco_port1286_2017_06_30_Jaklin.wav,es,678,te,139.134,139.194,0.060000000000002274
doreco_port1286_2017_06_30_Jaklin.wav,es,679,me,139.214,139.294,0.0800000000000125
doreco_port1286_2017_06_30_Jaklin.wav,es,680,aleí,139.314,139.514,0.20000000000001705
doreco_port1286_2017_06_30_Jaklin.wav,es,681,te,139.534,139.574,0.040000000000020464
doreco_port1286_2017_06_30_Jaklin.wav,es,682,releci,139.594,139.754,0.1599999999999966
doreco_port1286_2017_06_30_Jaklin.wav,es,683,te,139.774,139.854,0.0800000000000125
doreco_port1286_2017_06_30_Jaklin.wav,es,684,me,139.874,139.914,0.03999999999999204
doreco_port1286_2017_06_30_Jaklin.wav,es,685,aleí,139.954,140.214,0.2599999999999909
doreco_port1286_2017_06_30_Jaklin.wav,es,686,santad,140.274,140.534,0.2599999999999909
doreco_port1286_2017_06_30_Jaklin.wav,es,687,te,141.214,141.254,0.03999999999999204
doreco_port1286_2017_06_30_Jaklin.wav,es,688,me,141.274,141.354,0.0800000000000125
doreco_port1286_2017_06_30_Jaklin.wav,es,689,aleí,141.374,141.815,0.4410000000000025
doreco_port1286_2017_06_30_Jaklin.wav,es,690,te,141.835,141.935,0.09999999999999432
doreco_port1286_2017_06_30_Jaklin.wav,es,691,me,141.995,142.155,0.1599999999999966
doreco_port1286_2017_06_30_Jaklin.wav,es,692,aleí,142.235,142.375,0.13999999999998636
doreco_port1286_2017_06_30_Jaklin.wav,es,693,santad,142.415,142.675,0.2600000000000193
doreco_port1286_2017_06_30_Jaklin.wav,es,694,te,142.715,142.855,0.13999999999998636
doreco_port1286_2017_06_30_Jaklin.wav,es,695,me,142.895,142.955,0.060000000000002274
doreco_port1286_2017_06_30_Jaklin.wav,es,696,aleí,142.975,143.075,0.09999999999999432
doreco_port1286_2017_06_30_Jaklin.wav,es,697,te,143.095,143.195,0.09999999999999432
doreco_port1286_2017_06_30_Jaklin.wav,es,698,me,143.255,143.375,0.12000000000000455
doreco_port1286_2017_06_30_Jaklin.wav,es,699,aleí,143.395,144.395,1.0
doreco_port1286_2017_06_30_Jaklin.wav,es,700,te,144.415,144.515,0.09999999999999432
doreco_port1286_2017_06_30_Jaklin.wav,es,701,me,144.575,144.695,0.12000000000000455
doreco_port1286_2017_06_30_Jaklin.wav,es,702,aleí,144.715,144.855,0.13999999999998636
doreco_port1286_2017_06_30_Jaklin.wav,es,703,te,144.895,144.995,0.09999999999999432
doreco_port1286_2017_06_30_Jaklin.wav,es,704,me,145.035,145.095,0.060000000000002274
doreco_port1286_2017_06_30_Jaklin.wav,es,705,aleí,145.115,145.215,0.09999999999999432
doreco_port1286_2017_06_30_Jaklin.wav,es,706,santad,145.235,145.395,0.1599999999999966
doreco_port1286_2017_06_30_Jaklin.wav,es,707,te,145.455,145.515,0.05999999999997385
doreco_port1286_2017_06_30_Jaklin.wav,es,708,me,145.535,145.655,0.12000000000000455
doreco_port1286_2017_06_30_Jaklin.wav,es,709,aleí,145.675,145.895,0.21999999999999886
doreco_port1286_2017_06_30_Jaklin.wav,es,710,te,146.215,146.315,0.09999999999999432
doreco_port1286_2017_06_30_Jaklin.wav,es,711,me,146.355,146.495,0.14000000000001478
doreco_port1286_2017_06_30_Jaklin.wav,es,712,aleí,146.515,146.755,0.2400000000000091
doreco_port1286_2017_06_30_Jaklin.wav,es,713,te,146.875,146.935,0.060000000000002274
doreco_port1286_2017_06_30_Jaklin.wav,es,714,me,146.955,146.995,0.03999999999999204
doreco_port1286_2017_06_30_Jaklin.wav,es,715,aleí,147.015,147.115,0.10000000000002274
doreco_port1286_2017_06_30_Jaklin.wav,es,716,te,147.135,147.176,0.04099999999999682
doreco_port1286_2017_06_30_Jaklin.wav,es,717,me,147.196,147.276,0.0800000000000125
doreco_port1286_2017_06_30_Jaklin.wav,es,718,aleí,147.296,147.416,0.12000000000000455
doreco_port1286_2017_06_30_Jaklin.wav,es,719,santad,147.436,147.696,0.2599999999999909
doreco_port1286_2017_06_30_Jaklin.wav,es,720,te,149.256,149.356,0.09999999999999432
doreco_port1286_2017_06_30_Jaklin.wav,es,721,me,149.416,149.536,0.12000000000000455
doreco_port1286_2017_06_30_Jaklin.wav,es,722,aleí,149.556,149.816,0.2599999999999909
doreco_port1286_2017_06_30_Jaklin.wav,es,723,te,149.836,149.876,0.03999999999999204
doreco_port1286_2017_06_30_Jaklin.wav,es,724,me,149.896,149.936,0.040000000000020464
doreco_port1286_2017_06_30_Jaklin.wav,es,725,aleí,149.996,150.116,0.12000000000000455
doreco_port1286_2017_06_30_Jaklin.wav,es,726,te,150.136,150.236,0.09999999999999432
doreco_port1286_2017_06_30_Jaklin.wav,es,727,me,150.256,150.296,0.03999999999999204
doreco_port1286_2017_06_30_Jaklin.wav,es,728,aleí,150.376,150.916,0.539999999999992
doreco_port1286_2017_06_30_Jaklin.wav,es,729,te,150.956,151.096,0.14000000000001478
doreco_port1286_2017_06_30_Jaklin.wav,es,730,me,151.116,151.156,0.03999999999999204
doreco_port1286_2017_06_30_Jaklin.wav,es,731,aleí,151.176,151.356,0.18000000000000682
doreco_port1286_2017_06_30_Jaklin.wav,es,732,te,151.396,151.496,0.10000000000002274
doreco_port1286_2017_06_30_Jaklin.wav,es,733,me,151.556,151.636,0.07999999999998408
doreco_port1286_2017_06_30_Jaklin.wav,es,734,aleí,151.656,151.816,0.1599999999999966
doreco_port1286_2017_06_30_Jaklin.wav,es,735,te,151.836,151.876,0.03999999999999204
doreco_port1286_2017_06_30_Jaklin.wav,es,736,me,151.956,152.036,0.0800000000000125
doreco_port1286_2017_06_30_Jaklin.wav,es,737,aleí,152.076,152.516,0.4399999999999977
doreco_port1286_2017_06_30_Jaklin.wav,es,738,te,152.556,152.676,0.11999999999997613
doreco_port1286_2017_06_30_Jaklin.wav,es,739,me,152.696,152.736,0.03999999999999204
doreco_port1286_2017_06_30_Jaklin.wav,es,740,aleí,152.756,153.537,0.7810000000000059
doreco_port1286_2017_06_30_Jaklin.wav,es,741,te,153.597,153.737,0.13999999999998636
doreco_port1286_2017_06_30_Jaklin.wav,es,742,me,153.757,153.797,0.03999999999999204
doreco_port1286_2017_06_30_Jaklin.wav,es,743,aleí,153.837,154.117,0.28000000000000114
doreco_port1286_2017_06_30_Jaklin.wav,es,744,te,154.137,154.177,0.03999999999999204
doreco_port1286_2017_06_30_Jaklin.wav,es,745,me,154.237,154.357,0.12000000000000455
doreco_port1286_2017_06_30_Jaklin.wav,es,746,aleí,154.377,154.657,0.28000000000000114
doreco_port1286_2017_06_30_Jaklin.wav,es,747,te,154.817,154.957,0.13999999999998636
doreco_port1286_2017_06_30_Jaklin.wav,es,748,me,154.977,155.077,0.09999999999999432
doreco_port1286_2017_06_30_Jaklin.wav,es,749,aleí,155.097,155.237,0.13999999999998636
doreco_port1286_2017_06_30_Jaklin.wav,es,750,te,155.257,155.517,0.2599999999999909
doreco_port1286_2017_06_30_Jaklin.wav,es,751,me,155.537,155.657,0.12000000000000455
doreco_port1286_2017_06_30_Jaklin.wav,es,752,aleí,155.677,155.837,0.1599999999999966
doreco_port1286_2017_06_30_Jaklin.wav,es,753,te,155.857,155.937,0.0800000000000125
doreco_port1286_2017_06_30_Jaklin.wav,es,754,me,155.997,156.097,0.09999999999999432
doreco_port1286_2017_06_30_Jaklin.wav,es,755,aleí,156.137,156.297,0.1599999999999966
doreco_port1286_2017_06_30_Jaklin.wav,es,756,te,156.317,156.497,0.18000000000000682
doreco_port1286_2017_06_30_Jaklin.wav,es,757,me,156.517,156.557,0.03999999999999204
doreco_port1286_2017_06_30_Jaklin.wav,es,758,aleí,156.577,156.677,0.09999999999999432
doreco_port1286_2017_06_30_Jaklin.wav,es,759,te,156.697,156.777,0.07999999999998408
doreco_port1286_2017_06_30_Jaklin.wav,es,760,me,156.797,156.837,0.03999999999999204
doreco_port1286_2017_06_30_Jaklin.wav,es,761,aleí,156.857,157.137,0.28000000000000114
doreco_port1286_2017_06_30_Jaklin.wav,es,762,te,157.197,157.277,0.07999999999998408
doreco_port1286_2017_06_30_Jaklin.wav,es,763,me,157.297,157.337,0.03999999999999204
doreco_port1286_2017_06_30_Jaklin.wav,es,764,aleí,157.357,157.597,0.2400000000000091
doreco_port1286_2017_06_30_Jaklin.wav,es,765,te,157.677,157.777,0.09999999999999432
doreco_port1286_2017_06_30_Jaklin.wav,es,766,me,157.797,157.837,0.03999999999999204
doreco_port1286_2017_06_30_Jaklin.wav,es,767,aleí,157.857,158.057,0.19999999999998863
doreco_port1286_2017_06_30_Jaklin.wav,es,768,te,158.978,159.118,0.13999999999998636
doreco_port1286_2017_06_30_Jaklin.wav,es,769,me,159.158,159.278,0.12000000000000455
doreco_port1286_2017_06_30_Jaklin.wav,es,770,aleí,159.318,159.618,0.29999999999998295
doreco_port1286_2017_06_30_Jaklin.wav,es,771,te,159.638,159.778,0.13999999999998636
doreco_port1286_2017_06_30_Jaklin.wav,es,772,me,159.798,159.838,0.03999999999999204
doreco_port1286_2017_06_30_Jaklin.wav,es,773,aleí,159.858,160.778,0.9199999999999875
doreco_port1286_2017_06_30_Jaklin.wav,es,774,te,160.818,160.918,0.09999999999999432
doreco_port1286_2017_06_30_Jaklin.wav,es,775,me,160.938,160.978,0.040000000000020464
doreco_port1286_2017_06_30_Jaklin.wav,es,776,aleí,160.998,161.138,0.14000000000001478
